USE master
GO
-- Tao co so du lieu 'QuanLyDeTai'
IF DB_ID('QuanLyDeTai') IS NOT NULL
DROP DATABASE QuanLyDeTai
GO

CREATE DATABASE QuanLyDeTai
GO

USE QuanLyDeTai
GO

-- Tao bang
CREATE TABLE GIAOVIEN 
(
	MAGV char(10), 
	HOTEN nvarchar(40), 
	LUONG float, 
	PHAI nchar(3), 
	NGSINH date, 
	DIACHI nvarchar(100), 
	GVQLCM char(10), 
	MABM nchar(10)

	CONSTRAINT PK_GIAOVIEN
	PRIMARY KEY (MAGV)
)

CREATE TABLE KHOA 
(
	MAKHOA char(10), 
	TENKHOA nvarchar(40), 
	NAMTL int, 
	PHONG char(10), 
	DIENTHOAI char(12), 	
	TRUONGKHOA char(10), 
	NGAYNHANCHUC date,

	CONSTRAINT PK_KHOA
	PRIMARY KEY (MAKHOA)	
)


CREATE TABLE BOMON 
(
	MABM nchar(10),
	TENBM nvarchar(40), 	 
	PHONG char(10),
	DIENTHOAI char(12), 
	TRUONGBM char(10), 
	MAKHOA char(10), 	
	NGAYNHANCHUC date,

	CONSTRAINT PK_BOMON
	PRIMARY KEY (MABM)
)


CREATE TABLE GV_DT 
(
	MAGV char(10), 
	DIENTHOAI char(12),

	CONSTRAINT PK_DIENTHOAI
	PRIMARY KEY (MAGV, DIENTHOAI)
)


CREATE TABLE DETAI 
(
	MADT char(10), 
	TENDT nvarchar(100), 
	KINHPHI float, 
	CAPQL nvarchar(40), 
	NGAYBD date, 
	NGAYKT date, 	
	MACD nchar(10),
	GVCNDT char(10), 	

	CONSTRAINT PK_DETAI
	PRIMARY KEY (MADT)
)

CREATE TABLE CHUDE 
(
	MACD nchar(10), 
	TENCD nvarchar(50),

	CONSTRAINT PK_CHUDE
	PRIMARY KEY (MACD)
)


CREATE TABLE CONGVIEC 
(
	MADT char(10), 
	SOTT int, 
	TENCV nvarchar(40), 
	NGAYBD date, 
	NGAYKT date,

	CONSTRAINT PK_CONGVIEC
	PRIMARY KEY (MADT, SOTT) 
)


CREATE TABLE THAMGIADT
(
	MAGV char(10), 
	MADT char(10), 
	STT int, 
	PHUCAP float, 
	KETQUA nvarchar(40),

	CONSTRAINT PK_PHANCONG
	PRIMARY KEY (MAGV, MADT, STT)
)

CREATE TABLE NGUOITHAN 
(
	MAGV char(10), 
	TEN nvarchar(40), 
	NGSINH date, 
	PHAI nchar(3),

	CONSTRAINT PK_NGUOITHAN
	PRIMARY KEY (MAGV, TEN)
)


-- Tao khoa ngoai
ALTER TABLE GIAOVIEN ADD
	CONSTRAINT FK_GIAOVIEN_BOMON FOREIGN KEY (MABM) REFERENCES BOMON (MABM),
	CONSTRAINT FK_GIAOVIEN_GIAOVIEN FOREIGN KEY (GVQLCM) REFERENCES GIAOVIEN (MAGV)

ALTER TABLE KHOA ADD 
	CONSTRAINT FK_KHOA_GIAOVIEN FOREIGN KEY (TRUONGKHOA) REFERENCES GIAOVIEN (MAGV)

ALTER TABLE BOMON ADD 
	CONSTRAINT FK_BOMON_KHOA FOREIGN KEY (MAKHOA) REFERENCES KHOA(MAKHOA),
	CONSTRAINT FK_BOMON_GIAOVIEN FOREIGN KEY (TRUONGBM) REFERENCES GIAOVIEN (MAGV)

ALTER TABLE NGUOITHAN ADD
	CONSTRAINT FK_NGUOITHAN_GIAOVIEN FOREIGN KEY (MAGV)REFERENCES GIAOVIEN (MAGV)

ALTER TABLE THAMGIADT ADD
	CONSTRAINT FK_THAMGIADT_GIAOVIEN FOREIGN KEY (MAGV)REFERENCES GIAOVIEN (MAGV),
	CONSTRAINT FK_THAMGIADT_CONGVIEC FOREIGN KEY (MADT, STT)REFERENCES CONGVIEC(MADT, SOTT)

ALTER TABLE DETAI ADD
	CONSTRAINT FK_DETAI_CHUDE FOREIGN KEY (MACD)REFERENCES CHUDE (MACD),
	CONSTRAINT FK_DETAI_GIAOVIEN FOREIGN KEY (GVCNDT) REFERENCES GIAOVIEN (MAGV)

ALTER TABLE GV_DT ADD
	CONSTRAINT FK_GV_DT_GIAOVIEN FOREIGN KEY (MAGV) REFERENCES GIAOVIEN (MAGV)

ALTER TABLE CONGVIEC ADD 	
	CONSTRAINT FK_CONGVIEC_DETAI FOREIGN KEY (MADT)REFERENCES DETAI (MADT)

-- Nhap du lieu
INSERT INTO KHOA VALUES ('CNTT',N'Công nghệ thông tin',1995,'B11','0838123456',NULL,'2005-02-20')
INSERT INTO KHOA VALUES ('HH',N'Hóa học',1980,'B41','0838456456',NULL,'2001-10-15')
INSERT INTO KHOA VALUES ('SH',N'Sinh học',1980,'B31','0838454545',NULL,'2000-10-11')
INSERT INTO KHOA VALUES ('VL',N'Vật lý',1976,'B21','0838223223',NULL,'2003-09-18')
----------------
INSERT INTO BOMON VALUES (N'CNTT',N'Công nghệ tri thức','B15','0838126126',NULL, 'CNTT', NULL)
INSERT INTO BOMON VALUES (N'HHC',N'Hóa hữu cơ','B44','838222222',NULL, 'HH', NULL)	
INSERT INTO BOMON VALUES (N'HL',N'Hóa lý','B42','0838878787',NULL, 'HH', NULL)	
INSERT INTO BOMON VALUES (N'HPT',N'Hóa phân tích','B43','0838777777',NULL,'HH','2007-10-15')
INSERT INTO BOMON VALUES (N'HTTT',N'Hệ thống thông tin','B13','0838125125',NULL,'CNTT','2004-09-20')
INSERT INTO BOMON VALUES (N'MMT',N'Mạng máy tính','B16','0838676767 ',NULL,'CNTT','2005-05-15')
INSERT INTO BOMON VALUES (N'SH',N'Sinh hóa','B33','0838898989',NULL, 'SH', NULL)	
INSERT INTO BOMON VALUES (N'VLĐT',N'Vật lý điện tử','B23','0838234234',NULL, 'VL', NULL)	
INSERT INTO BOMON VALUES (N'VLƯD',N'Vật lý ứng dụng','B24','0838454545',NULL,'VL','2006-02-18')
INSERT INTO BOMON VALUES (N'VS',N'Vi sinh','B32','0838909090',NULL,'SH','2007-01-01')
----------------
INSERT INTO GIAOVIEN VALUES ('001',N'Nguyễn Hoài An',2000.0,N'Nam','1973-02-15',N'25/3 Lạc Long Quân, Q.10, TP HCM', NULL, N'MMT')
INSERT INTO GIAOVIEN VALUES ('002',N'Trần Trà Hương',2500.0,N'Nữ','1960-06-20',N'125 Trần Hưng Đạo, Q.1,TP HCM', NULL, N'HTTT')
INSERT INTO GIAOVIEN VALUES ('003',N'Nguyễn Ngọc Ánh',2200.0,N'Nữ','1975-05-11',N'12/21	Võ Văn Ngân	Thủ Đức, TP HCM', '002',N'HTTT')
INSERT INTO GIAOVIEN VALUES ('004',N'Trương Nam Sơn',2300.0,N'Nam','1959-06-20',N'215 Lý Thường Kiệt,TP Biên Hòa',NULL, N'VS')
INSERT INTO GIAOVIEN VALUES ('005',N'Lý Hoàng Hà',2500.0,N'Nam','1954-10-23',N'22/5	Nguyễn Xí, Q.Bình Thạnh, TP HCM',NULL, N'VLĐT')
INSERT INTO GIAOVIEN VALUES ('006',N'Trần Bạch Tuyết',1500.0,N'Nữ','1980-05-20',N'127 Hùng Vương, TP Mỹ Tho','004',N'VS')
INSERT INTO GIAOVIEN VALUES ('007',N'Nguyễn An Trung',2100.0,N'Nam','1976-06-05',N'234 3/2, TP Biên Hòa',NULL, N'HPT')
INSERT INTO GIAOVIEN VALUES ('008',N'Trần Trung Hiếu',1800.0,N'Nam','1977-08-06',N'22/11 Lý Thường Kiệt, TP Mỹ Tho','007',N'HPT')
INSERT INTO GIAOVIEN VALUES ('009',N'Trần Hoàng Nam',2000.0,N'Nam','1975-11-22',N'234 Trấn Não, An Phú,TP HCM','001',N'MMT')
INSERT INTO GIAOVIEN VALUES ('010',N'Phạm Nam Thanh',1500.0,N'Nam','1980-12-12',N'221	Hùng Vương, Q.5, TP HCM','007',N'HPT')
----------------
INSERT INTO GV_DT VALUES ('001','0838912112')
INSERT INTO GV_DT VALUES ('001','0903123123')
INSERT INTO GV_DT VALUES ('002','0913454545')
INSERT INTO GV_DT VALUES ('003','0838121212')
INSERT INTO GV_DT VALUES ('003','0903656565')
INSERT INTO GV_DT VALUES ('003','0937125125')
INSERT INTO GV_DT VALUES ('006','0937888888')
INSERT INTO GV_DT VALUES ('008','0653717171')
INSERT INTO GV_DT VALUES ('008','0913232323')
----------------
INSERT INTO CHUDE VALUES (N'NCPT',N'Nghiên cứu phát triển')
INSERT INTO CHUDE VALUES (N'QLGD',N'Quản lý giáo dục')
INSERT INTO CHUDE VALUES (N'ƯDCN',N'Ứng dụng công nghệ')
----------------
INSERT INTO DETAI VALUES ('001',N'HTTT quản lý các trường ĐH',20.0, N'ĐHQG','2007-10-20','2008-10-20',N'QLGD','002')
INSERT INTO DETAI VALUES ('002',N'HTTT quản lý giáo vụ cho một Khoa',20.0,N'Trường','2000-10-12','2001-10-12',N'QLGD','002')
INSERT INTO DETAI VALUES ('003',N'Nghiên cứu chế tạo sợi Nanô Platin',300.0,N'ĐHQG','2008-05-15','2010-05-15',N'NCPT','005')
INSERT INTO DETAI VALUES ('004',N'Tạo vật liệu sinh học bằng màng ối người',100.0,N'Nhà nước','2007-01-01','2009-12-31',N'NCPT','004')
INSERT INTO DETAI VALUES ('005',N'Ứng dụng hóa học xanh',200.0,N'Trường','2003-10-10','2004-12-10',N'ƯDCN','007')
INSERT INTO DETAI VALUES ('006',N'Nghiên cứu tế bào gốc',4000.0,N'Nhà nước','2006-10-20','2009-10-20',N'NCPT','004')
INSERT INTO DETAI VALUES ('007',N'HTTT quản lý thư viện ở các trường ĐH',20.0,N'Trường','2009-05-10','2010-05-10',N'QLGD','001')
----------------


INSERT INTO CONGVIEC VALUES ('001',1,N'Khởi tạo và Lập kế hoạch','2007-10-20','2008-12-20')
INSERT INTO CONGVIEC VALUES ('001',2,N'Xác định yêu cầu','2008-12-21','2008-03-21')
INSERT INTO CONGVIEC VALUES ('001',3,N'Phân tích hệ thống','2008-03-22','2008-05-22')
INSERT INTO CONGVIEC VALUES ('001',4,N'Thiết kế hệ thống','2008-05-23','2008-06-23')
INSERT INTO CONGVIEC VALUES ('001',5,N'Cài đặt thử nghiệm','2008-06-24','2008-10-20')
INSERT INTO CONGVIEC VALUES ('002',1,N'Khởi tạo và Lập kế hoạch','2009-05-10','2009-07-10')
INSERT INTO CONGVIEC VALUES ('002',2,N'Xác định yêu cầu','2009-07-11','2009-10-11')
INSERT INTO CONGVIEC VALUES ('002',3,N'Phân tích hệ thống','2009-10-12','2009-12-20')
INSERT INTO CONGVIEC VALUES ('002',4,N'Thiết kế hệ thống','2009-12-21','2010-03-22')
INSERT INTO CONGVIEC VALUES ('002',5,N'Cài đặt thử nghiệm','2010-03-23','2010-05-10')
INSERT INTO CONGVIEC VALUES ('006',1,N'Lấy mẫu','2006-10-20','2007-02-20')
INSERT INTO CONGVIEC VALUES ('006',2,N'Nuôi cấy','2007-02-21','2008-08-21')
----------------


INSERT INTO THAMGIADT VALUES ('001','002',1,0.0, NULL)	
INSERT INTO THAMGIADT VALUES ('001','002',2,2.0, NULL)	
INSERT INTO THAMGIADT VALUES ('002','001',4,2.0,N'Đạt')
INSERT INTO THAMGIADT VALUES ('003','001',1,1.0,N'Đạt')
INSERT INTO THAMGIADT VALUES ('003','001',2,0.0,N'Đạt')
INSERT INTO THAMGIADT VALUES ('003','001',4,1.0,N'Đạt')
INSERT INTO THAMGIADT VALUES ('003','002',2,0.0, NULL)	
INSERT INTO THAMGIADT VALUES ('004','006',1,0.0,N'Đạt')
INSERT INTO THAMGIADT VALUES ('004','006',2,1.0,N'Đạt')
INSERT INTO THAMGIADT VALUES ('006','006',2,1.5,N'Đạt')
INSERT INTO THAMGIADT VALUES ('009','002',3,0.5, NULL)	
INSERT INTO THAMGIADT VALUES ('009','002',4,1.5, NULL)	
-- Cap nhat du lieu cho bang KHOA, BOMON
UPDATE KHOA SET TRUONGKHOA = '002' WHERE MAKHOA='CNTT'
UPDATE KHOA SET TRUONGKHOA = '005' WHERE MAKHOA='VL'
UPDATE KHOA SET TRUONGKHOA = '004' WHERE MAKHOA='SH'
UPDATE KHOA SET TRUONGKHOA = '007' WHERE MAKHOA='HH'
----------------
UPDATE BOMON SET TRUONGBM = '002' WHERE MABM=N'HTTT'
UPDATE BOMON SET TRUONGBM = '001' WHERE MABM=N'MMT'
UPDATE BOMON SET TRUONGBM = '005' WHERE MABM=N'VLƯD'
UPDATE BOMON SET TRUONGBM = '004' WHERE MABM=N'VS'
UPDATE BOMON SET TRUONGBM = '007' WHERE MABM=N'HPT'
----------------
INSERT INTO NGUOITHAN VALUES ('001', N'Hùng', '1990-01-14', N'Nam')
INSERT INTO NGUOITHAN VALUES ('001', N'Thủy', '1994-12-08', N'Nữ')
INSERT INTO NGUOITHAN VALUES ('003', N'Hà', '1998-09-03', N'Nữ')
INSERT INTO NGUOITHAN VALUES ('003', N'Thu', '1998-09-03', N'Nữ')
INSERT INTO NGUOITHAN VALUES ('007', N'Mai', '2003-03-26', N'Nữ')
INSERT INTO NGUOITHAN VALUES ('007', N'Vy', '2000-02-14', N'Nữ')
INSERT INTO NGUOITHAN VALUES ('008', N'Nam', '1991-05-06', N'Nam')
INSERT INTO NGUOITHAN VALUES ('009', N'An', '1996-08-19', N'Nam')
INSERT INTO NGUOITHAN VALUES ('010', N'Nguyệt', '2006-01-14', N'Nữ')


SELECT * FROM dbo.BOMON
SELECT * FROM dbo.CHUDE
SELECT * FROM dbo.CONGVIEC
SELECT * FROM dbo.DETAI
SELECT * FROM dbo.GIAOVIEN
SELECT * FROM dbo.GV_DT
SELECT * FROM dbo.KHOA
SELECT * FROM dbo.NGUOITHAN
SELECT * FROM dbo.THAMGIADT
